<?xml version="1.0" encoding="UTF-8"?>
<!DOCTYPE suite SYSTEM "https://testng.org/testng-1.0.dtd">
<suite parallel="classes" name="Suite">
  <test thread-count="2" parallel="classes" name="Test">
    <classes>
       <class name="executionClassForPageObjectModel.TestCase1CreateContacts"/>
     <class name="executionClassForPageObjectModel.TestCase2CreateLead"/>
      <class name="executionClassForPageObjectModel.TestCase3EditLead"/>
        <class name="executionClassForPageObjectModel.TestCase4DuplicateLead"/>
    </classes>
  </test> <!-- Test -->
</suite> <!-- Suite -->
